{
    "home": [
        -0.0005070218381764136,
        -0.5568375756109605,
        0.6812298373439889,
        -0.00020125100240875327,
        -0.1247341926194041,
        -0.0002801492117567861
    ],
    "conveyor_1": [
        2.5833136482266124,
        0.8887628413552955,
        -0.3642277645515941,
        0.4602512169719022,
        -0.5736472906111878,
        0.39449456300101104
    ],
    "conveyor_1_pre": [
        2.583204095776784,
        1.0218043030135338,
        -1.2657904684513737,
        -0.7991359880682722,
        0.3429598126015465,
        -0.7692812654820642
    ],
    "conveyor_3": [
        -2.7358175048842606,
        1.30835361023947,
        -1.1583177618539873,
        -0.9228186492960084,
        -0.2810796252078136,
        -0.9037011655154874
    ],
    "conveyor_3_pre": [
        -2.859839234312929,
        1.2305864663842137,
        -1.2242811298141172,
        -1.2935558422371694,
        -0.10308671982046302,
        -1.289688764417952
    ],
    "drop_pre": [
        3.139920311788437,
        -0.7786264811360368,
        0.737963770841592,
        -0.00012515122477463336,
        0.040461699781189964,
        -0.0002522740174519811
    ],
    "init_pose": [
        4.5358885891744194e-07,
        -7.388867324209514e-06,
        4.498990484069765e-05,
        3.050098875689855e-06,
        -3.7631871967036545e-05,
        3.057870005207519e-06
    ],
    "up": [
        0.06844871579097145,
        0.9147516720686326,
        -1.060500504871781,
        -0.0960180770840724,
        0.14641601360108059,
        -0.0959269972949377
    ]
}
