{
    "box": [
        0.029090593654233388,
        0.7633130189866479,
        0.1956838519765567,
        -0.02962123376991066,
        -0.9583401892763472,
        -0.01709338876114863
    ],
    "box1": [
        0.19802173457379446,
        0.8001236248778865,
        0.060721036579216126,
        -0.25195117499927466,
        -0.88404622879548,
        -0.16494299953626967
    ],
    "frrr": [
        -0.3518974011107554,
        -0.8876058399707665,
        0.4304203234611226,
        -0.6639732168129155,
        0.568235242961352,
        -0.5532304558128622
    ],
    "frrrrrrrrrrrrr": [
        0.008331027174313554,
        0.7715368687182993,
        -0.5335538177856636,
        -0.003414400522211203,
        -0.23680074079054148,
        -0.02425581789778075
    ],
    "home": [
        1.4903239767605214e-05,
        -0.9347557314996431,
        0.4797851931854309,
        -0.00014822592500696175,
        0.4549384205665419,
        -8.714165523482365e-05
    ],
    "re": [
        0.00833115980248511,
        0.7715502954508242,
        -0.5335404907913883,
        -0.0034119178735236844,
        -0.23682731275488322,
        -0.024253396332369448
    ],
    "start_pose": [
        -0.06377806389407237,
        -1.0355207151649122,
        0.6609277336933195,
        -0.14680918254082798,
        0.3796681070011516,
        -0.13414125650143305
    ],
    "tyujujm": [
        -0.0002529283683134764,
        -0.004274776330404073,
        0.030325642549907883,
        0.007160057068348102,
        -0.032914546372722064,
        0.008425498234678308
    ],
    "zndn": [
        -0.00016267052521179437,
        -0.004627962765940907,
        0.02464327053355042,
        0.007178421537395785,
        -0.02432165234407524,
        0.0076955015552711
    ]
}
